{   
    "desctiption": "Ejemplo de taza con corte y manija opcional",
    "product": "Examples/Cup/cup.blend",
    "savepath": "/Users/jarbel16/Downloads/Cup",
    "samples": 20,

    "output":{
        "blendfile": false,
        "values":true,
        "stl": true,
        "render": true
    },

    "render_config":{
        "render_scene": "basic",
        "material": "clay",
        "quality": 50,
        "resolution": [400,400]
    },

    "form_detail": {
        "Cup": {
            "number_transf": 2,
            "max_number_forms": 1,
            "forms": {
                "cylinder": {},
                "cube_loft": {},
                "dome_cut": {},
                "quadrilateral": {},
                "revolution": {},
                "sphere": {}
            },
            "transformations": {
                "twist": {},
                "bevel": {},
                "mirror": {},
                "array_rotation": {},
                "array": {"axis": "z", "scale_factor": 1},
                "pull": {"factor":0.2},
                "texture": {}
            }

        },
        "Handle": {
            "number_transf": 2,
            "max_number_forms": 1,
            "optional": true,
            "forms": {
                "cylinder": {},
                "dome_cut": {},
                "revolution": {},
                "sphere": {}
            },
            "transformations": {
                "twist": {},
                "bevel": {},
                "mirror": {},
                "array_rotation": {},
                "array": {},
                "texture": {}
                

            }

        }



    }
}