{
    "product": "Examples/Lamp/lamp.blend",
    "samples": 30,
    "savepath": "/Users/jarbel16/Downloads/Lamp",

    "output":{
        "blendfile": false,
        "values":false,
        "stl": true,
        "render": true
    },

    "render_config":{
        "render_scene": "basic",
        "material": "clay",
        "quality": 50,
        "resolution": [400,400]
    },

    "form_detail": {
        "Base": {
            "number_transf": 2,
            "max_number_forms": 1,
            "forms": {
                "cube":{},
                "cylinder": {}
            },
            "transformations": {
                "twist": {},
                "taper": {},
                "texture":{}
            }

        },
        "Center": {
            "number_transf": 2,
            "max_number_forms": 1,
            "forms": {
                "cube":{},
                "cylinder": {},
                "cube_loft": {},
                "pentagon": {},
                "revolution": {}
            },
            "transformations": {
                "twist": {
                    "axis": "z"
                },
                "taper": {},
                "array_rotation": {},
                "array": {
                     "axis": "z",
                     "scale_factor": 1
                },
                "expand": {},
                "contract": {},
                "texture":{}
            }

        },
        "Head": {
            "number_transf": 2,
            "max_number_forms": 1,
            "forms": {
                "cube":{},
                "cylinder": {},
                "cube_loft": {},
                "dome_cut": {},
                "pentagon": {},
                "quadrilateral": {},
                "revolution": {}
            },
            "transformations": {
                "twist": {},
                "bend": {},
                "array_rotation": {},
                "array": { "axis": "z", "scale_factor": 1},
                "expand": {},
                "contract": {},
                "pull": {},
                "texture":{}
            }


        }
    }
    }
