{
    "product": "Examples/Ring/ring.blend",
    "savepath": "/Users/jarbel16/Downloads/Ring",
    "samples": 5,

    "output":{
        "blendfile": false,
        "values":true,
        "stl": true,
        "render": true
    },

     "render_config":{
        "render_scene": "basic",
        "material": "clay",
        "quality": 50,
        "resolution": [600,600]
    },

    "form_detail": {
        "Body": {
            "number_transf": 2,
            "max_number_forms": 3,
            "forms": {
                "cube": {},
                "cylinder": {},
                "cube_loft": {},
                "dome_cut": {},
                "pentagon": {},
                "quadrilateral": {},
                "revolution": {},
                "polygon": {},
                "sphere": {}
            },
            
            "transformations": {
                "shade": {},
                "twist": {},
                "bend": {},
                "bevel": {},
                "rotation": {"axis":"y"},
                "array_rotation": {},
                "array": {"scale_factor": 1},
                "expand": {},
                "contract": {},
                "pull": {},
                "texture": {}
                
            }

        }
    }
    }