{
    "product": "Examples/Plant/plant.blend",
    "samples": 5,
    "savepath": "/Users/jarbel16/Downloads/Plant",

    "output":{
        "blendfile": false,
        "values":false,
        "stl": true,
        "render": true
    },
     "render_config":{
        "render_scene": "one_light",
        "material": "clay",
        "quality": 100,
        "resolution": [600,600]
    },

    "form_detail": {
        "Base": {
            "number_transf": 3,
            "max_number_forms": 2,
            "forms": {
                "cube":{},
                "cylinder": {},
                "cube_loft": {},
                "dome_cut": {},
                "pentagon": {},
                "quadrilateral": {},
                "revolution": {},
                "polygon": {},
                "sphere": {}

            },
            "transformations": {
                "twist": {},
                "bend": {},
                "taper": {},
                "bevel":{},
                "array_rotation": {},
                "array": {},
                "expand": {},
                "contract": {},
                "pull": {},
                "shade": {},
                "texture":{}
            
            }
            
        }
    }
    }