{
    "product": "Examples/Perfume/perfume.blend",
    "savepath": "/Users/jarbel16/Downloads/Perfume",
    "samples": 5,

     "render_config":{
        "render_scene": "basic",
        "material": "clay",
        "quality": 50,
        "resolution": [400,400]
    },

    "output":{
        "blendfile": false,
        "values":true,
        "stl": true,
        "render": true
    },

    "quality": 100,
    "resolution": [400,400],
    "form_detail": {
        "Cap": {
            "number_transf": 1,
            "max_number_forms": 1,
            "forms":{
                "cube": {},
                "quadrilateral": {},
                "polygon":{},
                "dome_cut": {},
                "cylinder": {},
                "sphere":{}

            },
            "transformations": {
                "twist": {},
                "array_rotation":{"axis":"z"},
                "pull": {},
                "scale": {},
                "texture":{}


            }

        },
        "Bottle": {
            "number_transf": 2,
            "max_number_forms": 2,
            "forms": {
                "cube": {},
                "cylinder": {},
                "cube_loft":{},
                "quadrilateral": {},
                "revolution": {},
                "polygon":{},
                "sphere":{},
                "dome_cut": {}

            },
            "transformations": {
                "shade":{},
                "twist": {"axis":"z"},
                "mirror": {},
                "array_rotation":{},
                "array":{"scale_factor": 1},
                "expand": {},
                "contract": {},
                "pull": {},
                "texture":{}
            }


        }
    }
    }
