{   
    "desctiption": "Silla tipo B",
    "product": "Examples/Chair_b/chair_b.blend",
    "savepath": "/Users/jarbel16/Downloads/Chair_b",
    "samples": 20,

    "output":{
        "blendfile": false,
        "values":false,
        "stl": true
    },
    
    "render_config":{
        "render_scene": "basic",
        "material": "clay",
        "quality": 50,
        "resolution": [400,400]
    },

    "form_detail": {
        "Chair": {
            "number_transf": 2,
            "max_number_forms": 2,
            "optional": false,
            "forms": {
                "cube": {},
                "cylinder": {},
                "cube_loft": {},
                "dome_cut": {},
                "pentagon": {},
                "quadrilateral": {},
                "revolution": {},
                "polygon": {},
                "sphere": {},
                "torus": {}
            }
                ,
            "transformations": {
                "shade": {},
                "twist": {},
                "taper": {},
                "bend": {},
                "bevel": {},
                "rotation": {},
                "mirror": {},
                "array_rotation": {},
                "array": {"scale_factor": 1},
                "expand": {},
                "contract": {},
                "pull": {},
                "texture": {}
                

            }

        }
    }
    }