{
    "product": "Examples/Chair_a/chair_a.blend",
    "samples": 5,
    "savepath": "/Users/jarbel16/Downloads/Chair_a",
    
    "output":{
        "blendfile": false,
        "values":false,
        "stl": true,
        "render": true
    },
     "render_config":{
        "render_scene": "one_light",
        "material": "clay",
        "quality": 100,
        "resolution": [600,600]
    },

    "form_detail": {
        "lateral": {
            "number_transf": 2,
            "max_number_forms": 1,
            "optional": true,
            "forms": {
                "cube": {"use":true},
                "cylinder": {"use":true},
                "cube_loft": {"use":true},
                "dome_cut": {"use":true},
                "pentagon": {"use":true},
                "quadrilateral": {"use":true},
                "revolution": {"use":true},
                "polygon": {"use":true},
                "tube_square": {"use":true},
                "swept": {"use":true}
            },
            "transformations": {
                "shade": {"use":true},
                "twist": {"use":true},
                "taper": {"use":true},
                "bend": {"use":true},
                "bevel": {"use":true},
                "array_rotation": {"use":true},
                "array": {"use":true},
                "expand": {"use":true},
                "contract": {"use":true},
                "texture": {"use":true}
            }
        },
        "vertical": {
            "number_transf": 2,
            "max_number_forms": 1,
            "optional": true,
            "forms": {
                "cube": {"use":true},
                "cylinder": {"use":true},
                "cube_loft": {"use":true},
                "dome_cut": {"use":true},
                "pentagon": {"use":true},
                "quadrilateral": {"use":true},
                "revolution": {"use":true},
                "polygon": {"use":true},
                "tube_square": {"use":true},
                "swept": {"use":true}
            },
            "transformations": {
                "shade": {"use":true},
                "twist": {"use":true},
                "taper": {"use":true},
                "bend": {"use":true},
                "bevel": {"use":true},
                "array_rotation": {"use":true},
                "array": {"use":true},
                "expand": {"use":true},
                "contract": {"use":true},
                "texture": {"use":true}
            }
        },
        "legs": {
            "number_transf": 2,
            "max_number_forms": 1,
            "forms": {
                "cube": {"use":true},
                "cylinder": {"use":true},
                "cube_loft": {"use":true},
                "dome_cut": {"use":true},
                "pentagon": {"use":true},
                "quadrilateral": {"use":true},
                "revolution": {"use":true},
                "polygon": {"use":true},
                "tube_square": {"use":true},
                "swept": {"use":true}
            },
            "transformations": {
                "shade": {"use":true},
                "twist": {"use":true},
                "taper": {"use":true},
                "bend": {"use":true},
                "bevel": {"use":true},

                "array_rotation": {"use":true},
                "array": {"use":true},
                "expand": {"use":true},
                "contract": {"use":true},
                "texture": {"use":true}
            }
        },
        "sit": {
            "number_transf": 2,
            "max_number_forms": 1,
            "forms": {
                "cube": {"use":true},
                "polygon": {"use":true}
            },
            "transformations": {
                "bend": {"use":true},
                "bevel": {"use":true},

                "array_rotation": {"use":true},
                "array": {"use":true},
                "expand": {"use":true},
                "contract": {"use":true},
                "texture": {"use":true}
            }
        },
        "lateral_legs1": {
            "number_transf": 2,
            "max_number_forms": 2,
            "optional": true,
            "forms": {
                "cube": {"use":true},
                "cylinder": {"use":true},
                "cube_loft": {"use":true},
                "dome_cut": {"use":true},
                "pentagon": {"use":true},
                "quadrilateral": {"use":true},
                "revolution": {"use":true},
                "polygon": {"use":true},
                "tube_square": {"use":true},
                "swept": {"use":true}
            },
            "transformations": {
                "shade": {"use":true},
                "twist": {"use":true},
                "taper": {"use":true},
                "bend": {"use":true},
                "bevel": {"use":true},

                "array_rotation": {"use":true},
                "array": {"use":true},
                "expand": {"use":true},
                "contract": {"use":true},
                "texture": {"use":true}
            }
        },
        "lateral_legs2": {
            "number_transf": 2,
            "max_number_forms": 1,
            "optional": true,
            "forms": {
                "cube": {"use":true},
                "cylinder": {"use":true},
                "cube_loft": {"use":true},
                "dome_cut": {"use":true},
                "pentagon": {"use":true},
                "quadrilateral": {"use":true},
                "revolution": {"use":true},
                "polygon": {"use":true},
                "tube_square": {"use":true},
                "swept": {"use":true}
            },
            "transformations": {
                "shade": {"use":true},
                "twist": {"use":true},
                "taper": {"use":true},
                "bend": {"use":true},
                "bevel": {"use":true},

                "array_rotation": {"use":true},
                "array": {"use":true},
                "expand": {"use":true},
                "contract": {"use":true},
                "texture": {"use":true}
            }
        },
        "back": {
            "number_transf": 2,
            "max_number_forms": 1,
            "optional": true,
            "forms": {
                "cube": {"use":true},
                "cylinder": {"use":true},
                "cube_loft": {"use":true},
                "dome_cut": {"use":true},
                "pentagon": {"use":true},
                "quadrilateral": {"use":true},
                "revolution": {"use":true},
                "polygon": {"use":true},
                "tube_square": {"use":true},
                "swept": {"use":true}
            },
            "transformations": {
                "shade": {"use":true},
                "twist": {"use":true},
                "taper": {"use":true},
                "bend": {"use":true},
                "bevel": {"use":true},
                "array_rotation": {"use":true},
                "array": {"use":true},
                "expand": {"use":true},
                "contract": {"use":true},
                "texture": {"use":true}
            }
        }
    }
    }